item_id,title,genre,year
1,Deep Horizon,sci-fi,2024
2,Titan Signal,sci-fi,2018
3,Outer Sun,sci-fi,2014
4,Vacuum Drift,sci-fi,2022
5,Second Freight,sci-fi,2021
6,Ion Field,sci-fi,2014
7,Quiet Harvest,sci-fi,2020
8,Silent Signal,sci-fi,2015
9,Deep Transit,sci-fi,2017
10,Quiet Sun,sci-fi,2016
11,Ion Sun,sci-fi,2012
12,Quiet Drift,sci-fi,2014
13,Deep Drift,sci-fi,2022
14,Titan Field,sci-fi,2019
15,Vacuum State,sci-fi,2013
16,Vacuum Signal,sci-fi,2018
17,Kepler Field,sci-fi,2018
18,Titan Freight,sci-fi,2019
19,Vacuum Nebula,sci-fi,2019
20,Second Nebula,sci-fi,2015
21,Titan Nebula,sci-fi,2013
22,Outer Signal,sci-fi,2017
23,Kepler Transit,sci-fi,2023
24,Outer Horizon,sci-fi,2016
25,Second Field,sci-fi,2019
26,Ion Harvest,sci-fi,2015
27,Kepler Freight,sci-fi,2011
28,Orbital Signal,sci-fi,2010
29,Orbital Harvest,sci-fi,2020
30,Titan State,sci-fi,2022
31,Silent Freight,sci-fi,2010
32,Vacuum Sun,sci-fi,2020
33,Second Signal,sci-fi,2010
34,Quiet Transit,sci-fi,2008
35,Quiet Signal,sci-fi,2009
36,Titan Sun,sci-fi,2016
37,Outer Drift,sci-fi,2025
38,Quiet Freight,sci-fi,2009
39,Silent Sun,sci-fi,2024
40,Outer Freight,sci-fi,2022
41,Quiet Horizon,sci-fi,2015
42,Second State,sci-fi,2009
43,Deep Field,sci-fi,2015
44,Outer Transit,sci-fi,2009
45,Orbital Horizon,sci-fi,2019
46,Vacuum Transit,sci-fi,2014
47,Quiet Field,sci-fi,2025
48,Deep Freight,sci-fi,2014
49,Vacuum Horizon,sci-fi,2025
50,Second Drift,sci-fi,2025
51,Dead Trail,thriller,2019
52,Blind Hour,thriller,2017
53,Silent Witness,thriller,2016
54,Cold Hour,thriller,2020
55,Safe Courier,thriller,2024
56,Last Drop,thriller,2023
57,Night Audit,thriller,2022
58,Cold Copy,thriller,2012
59,Safe Ledger,thriller,2011
60,Silent Open,thriller,2024
61,Cold Courier,thriller,2021
62,Paper Witness,thriller,2017
63,Last Ledger,thriller,2012
64,Silent Ledger,thriller,2019
65,Quiet Copy,thriller,2017
66,Paper Hour,thriller,2024
67,Silent House,thriller,2010
68,Cold Open,thriller,2012
69,Safe Drop,thriller,2022
70,Last Hour,thriller,2023
71,Safe House,thriller,2012
72,Blind Open,thriller,2020
73,Quiet Drop,thriller,2016
74,Broken Witness,thriller,2022
75,Paper Audit,thriller,2015
76,Broken Copy,thriller,2019
77,Safe Open,thriller,2011
78,Cold Trail,thriller,2008
79,Blind House,thriller,2016
80,Paper Copy,thriller,2014
81,Quiet Ledger,thriller,2024
82,Cold Drop,thriller,2019
83,Last House,thriller,2023
84,Paper Drop,thriller,2011
85,Safe Trail,thriller,2024
86,Quiet Witness,thriller,2015
87,Dead Ledger,thriller,2022
88,Last Trail,thriller,2020
89,Blind Audit,thriller,2010
90,Blind Witness,thriller,2013
91,Blind Courier,thriller,2018
92,Night Courier,thriller,2012
93,Silent Hour,thriller,2023
94,Quiet Audit,thriller,2016
95,Safe Audit,thriller,2019
96,Dead Witness,thriller,2018
97,Silent Courier,thriller,2022
98,Paper Courier,thriller,2008
99,Night Copy,thriller,2019
100,Night Hour,thriller,2025
101,Open Helping,comedy,2010
102,Office Room,comedy,2021
103,Free Chat,comedy,2009
104,Office Tax,comedy,2018
105,Group Room,comedy,2025
106,Spare Claims,comedy,2020
107,Free Tax,comedy,2013
108,Refund Shift,comedy,2018
109,Wedding Shift,comedy,2009
110,Late Helping,comedy,2025
111,Free Shift,comedy,2016
112,Group Hours,comedy,2022
113,Late Claims,comedy,2014
114,Group Tax,comedy,2014
115,Second Hours,comedy,2021
116,Spare Tax,comedy,2022
117,Small Hours,comedy,2013
118,Free Claims,comedy,2025
119,Late Trial,comedy,2022
120,Second Room,comedy,2021
121,Office Policy,comedy,2011
122,Spare Chat,comedy,2017
123,Group Claims,comedy,2019
124,Office Shift,comedy,2020
125,Refund Trial,comedy,2022
126,Open Mic,comedy,2013
127,Refund Tax,comedy,2016
128,Open Tax,comedy,2019
129,Open Claims,comedy,2019
130,Office Mic,comedy,2024
131,Wedding Tax,comedy,2017
132,Wedding Policy,comedy,2013
133,Second Shift,comedy,2014
134,Free Trial,comedy,2020
135,Second Trial,comedy,2021
136,Spare Policy,comedy,2021
137,Late Hours,comedy,2011
138,Second Chat,comedy,2016
139,Late Chat,comedy,2024
140,Office Trial,comedy,2024
141,Spare Mic,comedy,2016
142,Second Claims,comedy,2021
143,Refund Room,comedy,2013
144,Free Room,comedy,2022
145,Refund Hours,comedy,2010
146,Group Shift,comedy,2022
147,Spare Shift,comedy,2008
148,Open Policy,comedy,2022
149,Open Shift,comedy,2010
150,Wedding Trial,comedy,2020
151,Winter Shore,drama,2022
152,Grey Water,drama,2018
153,Far Light,drama,2025
154,Long Term,drama,2021
155,Winter Ground,drama,2017
156,Long Flats,drama,2008
157,Salt Shore,drama,2023
158,Far Water,drama,2023
159,Old Country,drama,2017
160,Winter Country,drama,2023
161,Salt Light,drama,2025
162,Still Tide,drama,2025
163,Harbour Country,drama,2014
164,Salt Term,drama,2015
165,Long Field,drama,2018
166,Harbour Term,drama,2020
167,Grey Flats,drama,2022
168,Far Shore,drama,2014
169,Low Tide,drama,2011
170,Salt Field,drama,2010
171,Still Harvest,drama,2016
172,Old Tide,drama,2020
173,Old Term,drama,2012
174,Grey Shore,drama,2021
175,Salt Tide,drama,2012
176,Still Ground,drama,2025
177,Still Flats,drama,2015
178,Near Country,drama,2021
179,Winter Water,drama,2022
180,Old Water,drama,2011
181,Winter Field,drama,2018
182,Low Field,drama,2020
183,Harbour Shore,drama,2011
184,Harbour Harvest,drama,2020
185,Old Light,drama,2014
186,Long Water,drama,2008
187,Harbour Ground,drama,2021
188,Low Shore,drama,2017
189,Long Ground,drama,2020
190,Grey Field,drama,2012
191,Salt Harvest,drama,2019
192,Far Term,drama,2015
193,Winter Tide,drama,2015
194,Old Harvest,drama,2016
195,Low Country,drama,2018
196,Grey Ground,drama,2024
197,Harbour Field,drama,2025
198,Still Shore,drama,2008
199,Salt Ground,drama,2013
200,Old Ground,drama,2014
201,Raw Shift,documentary,2017
202,Open Grid,documentary,2018
203,Deep Grid,documentary,2018
204,Hard Mile,documentary,2022
205,Open Water,documentary,2011
206,Hard Shift,documentary,2025
207,Open Coast,documentary,2022
208,Raw Vault,documentary,2021
209,Whole Harvest,documentary,2019
210,Last Commute,documentary,2012
211,Raw Grid,documentary,2011
212,Seed Water,documentary,2025
213,Last Glass,documentary,2011
214,Clean Vault,documentary,2012
215,Deep Mile,documentary,2008
216,Raw Commute,documentary,2019
217,Seed Commute,documentary,2013
218,Deep Copper,documentary,2022
219,Deep Harvest,documentary,2017
220,Raw Mile,documentary,2014
221,Raw Coast,documentary,2010
222,Deep Coast,documentary,2013
223,Clean Grid,documentary,2008
224,Hard Commute,documentary,2016
225,Hard Water,documentary,2015
226,Clean Harvest,documentary,2016
227,Whole Copper,documentary,2020
228,Seed Shift,documentary,2009
229,Slow Mile,documentary,2012
230,Deep Water,documentary,2023
231,Whole Vault,documentary,2024
232,Whole Mile,documentary,2020
233,Seed Harvest,documentary,2009
234,Night Shift,documentary,2020
235,Whole Shift,documentary,2023
236,Open Shift,documentary,2021
237,Seed Grid,documentary,2015
238,Slow Shift,documentary,2017
239,Clean Copper,documentary,2013
240,Slow Glass,documentary,2017
241,Last Water,documentary,2024
242,Deep Vault,documentary,2020
243,Night Grid,documentary,2010
244,Slow Vault,documentary,2017
245,Open Mile,documentary,2014
246,Whole Coast,documentary,2018
247,Night Coast,documentary,2024
248,Whole Commute,documentary,2018
249,Hard Harvest,documentary,2009
250,Hard Coast,documentary,2009
251,Pocket Kite,animation,2023
252,Glass Line,animation,2009
253,Tin Lantern,animation,2019
254,Cloud Watch,animation,2016
255,Glass Whistle,animation,2023
256,Cloud Road,animation,2010
257,Paper Kite,animation,2015
258,Pocket Garden,animation,2025
259,Tin Bay,animation,2017
260,Bell Watch,animation,2014
261,Glass Lantern,animation,2018
262,Marmalade Road,animation,2015
263,Cloud Whistle,animation,2015
264,Paper Watch,animation,2023
265,Paper Road,animation,2011
266,Bell Garden,animation,2012
267,Honey Kite,animation,2009
268,Marmalade Bay,animation,2008
269,Tin Moon,animation,2022
270,Feather Watch,animation,2015
271,Pocket Whistle,animation,2025
272,Feather Town,animation,2015
273,Feather Line,animation,2010
274,Bell Line,animation,2009
275,Cloud Kite,animation,2020
276,Paper Lantern,animation,2017
277,Honey Lantern,animation,2021
278,Tin Kite,animation,2008
279,Bell Road,animation,2013
280,Cloud Line,animation,2020
281,Honey Garden,animation,2012
282,Tin Line,animation,2014
283,Copper Moon,animation,2017
284,Marmalade Town,animation,2009
285,Marmalade Garden,animation,2010
286,Tin Town,animation,2022
287,Honey Watch,animation,2018
288,Glass Town,animation,2013
289,Marmalade Kite,animation,2021
290,Cloud Town,animation,2020
291,Marmalade Lantern,animation,2012
292,Bell Moon,animation,2022
293,Cloud Bay,animation,2014
294,Copper Whistle,animation,2015
295,Tin Road,animation,2013
296,Marmalade Line,animation,2015
297,Cloud Lantern,animation,2019
298,Copper Line,animation,2013
299,Pocket Watch,animation,2024
300,Pocket Line,animation,2023
